"country_name","rsq","fourier"
"Canada",0.989300694868559,"2,14,2"
"Finland",0.989557495313598,"2,14,2"
"Italy",0.990972454288578,"2,14,2"
"Kenya",0.990761085145139,"2,14,2"
"Norway",0.980306071316811,"2,14,2"
"Singapore",0.991548600498845,"2,14,2"
