"country_name","rsq","fourier"
"Canada",0.989300694868559,"2,14,2"
"Finland",0.989557495313598,"2,14,2"
"Italy",0.990972454288578,"2,14,2"
"Kenya",0.990761085145139,"2,14,2"
"Norway",0.980306071316811,"2,14,2"
"Singapore",0.991548600498845,"2,14,2"
"Canada",0.98940664812571,"2,18,2"
"Finland",0.98968429622061,"2,18,2"
"Italy",0.991112037933542,"2,18,2"
"Kenya",0.990951074446343,"2,18,2"
"Norway",0.980498914139328,"2,18,2"
"Singapore",0.991702341583737,"2,18,2"
